record_id,calendar_week,date,league,official_week,selected_team,opponent,strategy_market,strategy_selection,winner_odds,strategy_odds_snapshot,strategy_odds_actual,strategy_odds_estimated,strategy_odds_used_for_analysis,odds_note,score,winner_pick_result,strategy_result,notes,result_source_url
1,Sep 4-6 2026,2026-09-04,MPL ID,Week 4,Natus Vincere,DEWA United,2-0,Natus Vincere 2-0,1.51,,,2.52,2.52,2-0 odds estimated by piecewise interpolation from Sep 11-13 observed 2-0 prices; no regression used.,2-0,W,W,Match Winner odds/result are historical tracked data.,https://mobilelegendspedia.com/events/mlbb-mpl-indonesia-18-2026-regular-season
2,Sep 4-6 2026,2026-09-04,MPL ID,Week 4,Team Liquid ID,RRQ Hoshi,2-0,Team Liquid ID 2-0,1.2,,,1.76,1.76,2-0 odds estimated by piecewise interpolation from Sep 11-13 observed 2-0 prices; no regression used.,2-0,W,W,Match Winner odds/result are historical tracked data.,https://mobilelegendspedia.com/events/mlbb-mpl-indonesia-18-2026-regular-season
3,Sep 4-6 2026,2026-09-05,MPL ID,Week 4,ONIC Esports,DEWA United,2-0,ONIC Esports 2-0,1.2,,,1.76,1.76,2-0 odds estimated by piecewise interpolation from Sep 11-13 observed 2-0 prices; no regression used.,1-2,L,L,Match Winner odds/result are historical tracked data.,https://mobilelegendspedia.com/events/mlbb-mpl-indonesia-18-2026-regular-season
4,Sep 4-6 2026,2026-09-05,MPL ID,Week 4,Bigetron by Vitality,EVOS Esports,2-0,Bigetron by Vitality 2-0,1.25,,,1.89,1.89,2-0 odds estimated by piecewise interpolation from Sep 11-13 observed 2-0 prices; no regression used.,1-2,L,L,Match Winner odds/result are historical tracked data.,https://mobilelegendspedia.com/events/mlbb-mpl-indonesia-18-2026-regular-season
5,Sep 4-6 2026,2026-09-05,MPL ID,Week 4,ALTER EGO,Geek Fam ID,2-0,ALTER EGO 2-0,1.24,,,1.86,1.86,2-0 odds estimated by piecewise interpolation from Sep 11-13 observed 2-0 prices; no regression used.,2-0,W,W,Match Winner odds/result are historical tracked data.,https://mobilelegendspedia.com/events/mlbb-mpl-indonesia-18-2026-regular-season
6,Sep 4-6 2026,2026-09-06,MPL ID,Week 4,Natus Vincere,RRQ Hoshi,2-0,Natus Vincere 2-0,1.4,,,2.27,2.27,2-0 odds estimated by piecewise interpolation from Sep 11-13 observed 2-0 prices; no regression used.,2-0,W,W,Match Winner odds/result are historical tracked data.,https://mobilelegendspedia.com/events/mlbb-mpl-indonesia-18-2026-regular-season
7,Sep 4-6 2026,2026-09-06,MPL ID,Week 4,ONIC Esports,EVOS Esports,2-0,ONIC Esports 2-0,1.35,,,2.15,2.15,2-0 odds estimated by piecewise interpolation from Sep 11-13 observed 2-0 prices; no regression used.,2-0,W,W,Match Winner odds/result are historical tracked data.,https://mobilelegendspedia.com/events/mlbb-mpl-indonesia-18-2026-regular-season
8,Sep 4-6 2026,2026-09-06,MPL ID,Week 4,Bigetron by Vitality,ALTER EGO,2-0,Bigetron by Vitality 2-0,1.35,,,2.15,2.15,2-0 odds estimated by piecewise interpolation from Sep 11-13 observed 2-0 prices; no regression used.,0-2,L,L,Match Winner odds/result are historical tracked data.,https://mobilelegendspedia.com/events/mlbb-mpl-indonesia-18-2026-regular-season
9,Sep 4-6 2026,2026-09-04,MPL MY,Week 4,Team Flash,AC Esports,2-0,Team Flash 2-0,2.25,,,4.17,4.17,2-0 odds estimated by piecewise interpolation from Sep 11-13 observed 2-0 prices; no regression used.,2-0,W,W,Match Winner odds/result are historical tracked data.,https://mlbbhub.com/mpl/my/schedule
10,Sep 4-6 2026,2026-09-04,MPL MY,Week 4,Selangor Red Giants,RRQ Tora,2-0,Selangor Red Giants 2-0,1.1,,,1.49,1.49,2-0 odds estimated by piecewise interpolation from Sep 11-13 observed 2-0 prices; no regression used.,1-2,L,L,Match Winner odds/result are historical tracked data.,https://mlbbhub.com/mpl/my/schedule
11,Sep 4-6 2026,2026-09-05,MPL MY,Week 4,Team Flash,RRQ Tora,2-0,Team Flash 2-0,2.08,,,3.8,3.8,2-0 odds estimated by piecewise interpolation from Sep 11-13 observed 2-0 prices; no regression used.,2-0,W,W,Match Winner odds/result are historical tracked data.,https://mlbbhub.com/mpl/my/schedule
12,Sep 4-6 2026,2026-09-05,MPL MY,Week 4,Team Rey,Invictus Gaming,2-0,Team Rey 2-0,1.8,,,3.19,3.19,2-0 odds estimated by piecewise interpolation from Sep 11-13 observed 2-0 prices; no regression used.,2-0,W,W,Match Winner odds/result are historical tracked data.,https://mlbbhub.com/mpl/my/schedule
13,Sep 4-6 2026,2026-09-05,MPL MY,Week 4,Selangor Red Giants,Team Vamos,2-0,Selangor Red Giants 2-0,1.4,,,2.27,2.27,2-0 odds estimated by piecewise interpolation from Sep 11-13 observed 2-0 prices; no regression used.,2-0,W,W,Match Winner odds/result are historical tracked data.,https://mlbbhub.com/mpl/my/schedule
14,Sep 4-6 2026,2026-09-06,MPL MY,Week 4,Bigetron MY by Vitality,Invictus Gaming,2-0,Bigetron MY by Vitality 2-0,2.25,,,4.17,4.17,2-0 odds estimated by piecewise interpolation from Sep 11-13 observed 2-0 prices; no regression used.,1-2,L,L,Match Winner odds/result are historical tracked data.,https://mlbbhub.com/mpl/my/schedule
15,Sep 4-6 2026,2026-09-06,MPL MY,Week 4,Team Vamos,AC Esports,2-0,Team Vamos 2-0,1.4,,,2.27,2.27,2-0 odds estimated by piecewise interpolation from Sep 11-13 observed 2-0 prices; no regression used.,2-0,W,W,Match Winner odds/result are historical tracked data.,https://mlbbhub.com/mpl/my/schedule
16,Sep 4-6 2026,2026-09-04,MPL PH,Week 3,Aurora Gaming PH,Twisted Minds PH,2-0,Aurora Gaming PH 2-0,1.51,,,2.52,2.52,2-0 odds estimated by piecewise interpolation from Sep 11-13 observed 2-0 prices; no regression used.,2-0,W,W,Match Winner odds/result are historical tracked data.,https://ph-mpl.com/schedule
17,Sep 4-6 2026,2026-09-04,MPL PH,Week 3,ONIC Philippines,TNC Pro Team,2-0,ONIC Philippines 2-0,1.21,,,1.79,1.79,2-0 odds estimated by piecewise interpolation from Sep 11-13 observed 2-0 prices; no regression used.,2-1,W,L,Match Winner odds/result are historical tracked data.,https://ph-mpl.com/schedule
18,Sep 4-6 2026,2026-09-05,MPL PH,Week 3,Omega Esports,AP.Bren,2-0,Omega Esports 2-0,1.74,,,3.05,3.05,2-0 odds estimated by piecewise interpolation from Sep 11-13 observed 2-0 prices; no regression used.,2-1,W,L,Match Winner odds/result are historical tracked data.,https://ph-mpl.com/schedule
19,Sep 4-6 2026,2026-09-05,MPL PH,Week 3,Team Liquid PH,TNC Pro Team,2-0,Team Liquid PH 2-0,1.14,,,1.58,1.58,2-0 odds estimated by piecewise interpolation from Sep 11-13 observed 2-0 prices; no regression used.,2-0,W,W,Match Winner odds/result are historical tracked data.,https://ph-mpl.com/schedule
20,Sep 4-6 2026,2026-09-05,MPL PH,Week 3,ONIC Philippines,Team Falcons PH,2-0,ONIC Philippines 2-0,1.7,,,2.96,2.96,2-0 odds estimated by piecewise interpolation from Sep 11-13 observed 2-0 prices; no regression used.,1-2,L,L,Match Winner odds/result are historical tracked data.,https://ph-mpl.com/schedule
21,Sep 4-6 2026,2026-09-06,MPL PH,Week 3,Team Liquid PH,Twisted Minds PH,2-0,Team Liquid PH 2-0,1.1,,,1.49,1.49,2-0 odds estimated by piecewise interpolation from Sep 11-13 observed 2-0 prices; no regression used.,2-0,W,W,Match Winner odds/result are historical tracked data.,https://ph-mpl.com/schedule
22,Sep 4-6 2026,2026-09-06,MPL PH,Week 3,Omega Esports,Aurora Gaming PH,2-0,Omega Esports 2-0,2.02,,,3.68,3.68,2-0 odds estimated by piecewise interpolation from Sep 11-13 observed 2-0 prices; no regression used.,0-2,L,L,Match Winner odds/result are historical tracked data.,https://ph-mpl.com/schedule
23,Sep 11-13 2026,2026-09-11,MPL ID,Week 5,DEWA United,EVOS Esports,Over 2.5,Over 2.5,2.45,2.02,,,2.02,Tuesday plan price.,,VOID/POSTPONED,VOID/POSTPONED,EVOS-DEWA was postponed; excluded from resolved strategy analysis.,https://mobilelegendspedia.com/events/mlbb-mpl-indonesia-18-2026-regular-season
24,Sep 11-13 2026,2026-09-11,MPL ID,Week 5,ONIC Esports,Geek Fam ID,2-0,ONIC Esports 2-0,1.11,1.51,,,1.51,Planned/observed price.,1-2,L,L,,https://mobilelegendspedia.com/events/mlbb-mpl-indonesia-18-2026-regular-season
25,Sep 11-13 2026,2026-09-12,MPL ID,Week 5,Team Liquid ID,Bigetron by Vitality,2-0,Team Liquid ID 2-0,2.14,,3.93,,3.93,Actual 2-0 bet price @3.93.,2-0,W,W,Changed from the original Over 2.5 @1.98 plan to TL ID 2-0.,https://mobilelegendspedia.com/events/mlbb-mpl-indonesia-18-2026-regular-season
26,Sep 11-13 2026,2026-09-12,MPL ID,Week 5,ALTER EGO,RRQ Hoshi,2-0,ALTER EGO 2-0,1.33,2.1,,,2.1,Planned/observed price.,2-0,W,W,,https://mobilelegendspedia.com/events/mlbb-mpl-indonesia-18-2026-regular-season
27,Sep 11-13 2026,2026-09-12,MPL ID,Week 5,Natus Vincere,EVOS Esports,2-0,Natus Vincere 2-0,1.87,3.35,,,3.35,Planned/observed price.,2-0,W,W,,https://mobilelegendspedia.com/events/mlbb-mpl-indonesia-18-2026-regular-season
28,Sep 11-13 2026,2026-09-13,MPL ID,Week 5,Team Liquid ID,Geek Fam ID,2-0,Team Liquid ID 2-0,1.14,1.58,,,1.58,Planned/observed price.,2-0,W,W,,https://mobilelegendspedia.com/events/mlbb-mpl-indonesia-18-2026-regular-season
29,Sep 11-13 2026,2026-09-13,MPL ID,Week 5,ALTER EGO,ONIC Esports,2-0,ALTER EGO 2-0,3.46,6.5,5.7,,5.7,Winner odds 3.46 is Tuesday snapshot; actual Match Winner price at bet time was forgotten. 2-0 actual bet price was 5.70.,2-0,W,W,Tuesday 2-0 price was 6.50; user placed at 5.70 after ONIC's Friday loss.,https://mobilelegendspedia.com/events/mlbb-mpl-indonesia-18-2026-regular-season
30,Sep 11-13 2026,2026-09-13,MPL ID,Week 5,DEWA United,RRQ Hoshi,2-0,DEWA United 2-0,1.71,2.98,,,2.98,Tuesday plan price.,,VOID/POSTPONED,VOID/POSTPONED,RRQ-DEWA was postponed from Sep 13; excluded from this week's resolved strategy analysis.,https://mobilelegendspedia.com/events/mlbb-mpl-indonesia-18-2026-regular-season
31,Sep 11-13 2026,2026-09-11,MPL MY,Week 5,Team Rey,Invictus Gaming,2-0,Team Rey 2-0,1.53,2.56,,,2.56,Planned/observed price.,0-2,L,L,,https://mlbbhub.com/mpl/my/schedule
32,Sep 11-13 2026,2026-09-11,MPL MY,Week 5,Selangor Red Giants,Bigetron MY by Vitality,2-0,Selangor Red Giants 2-0,1.25,1.89,,,1.89,Planned/observed price.,2-0,W,W,,https://mlbbhub.com/mpl/my/schedule
33,Sep 11-13 2026,2026-09-12,MPL MY,Week 5,Team Flash,AC Esports,2-0,Team Flash 2-0,1.55,2.61,,,2.61,Planned/observed price.,2-0,W,W,,https://mlbbhub.com/mpl/my/schedule
34,Sep 11-13 2026,2026-09-12,MPL MY,Week 5,Team Rey,Team Vamos,2-0,Team Rey 2-0,2.28,4.23,,,4.23,Planned/observed price.,2-0,W,W,User skipped this bet after seeing Team Rey lose the previous day; kept in research strategy dataset.,https://mlbbhub.com/mpl/my/schedule
35,Sep 11-13 2026,2026-09-12,MPL MY,Week 5,Selangor Red Giants,RRQ Tora,2-0,Selangor Red Giants 2-0,1.18,1.71,,,1.71,Planned/observed price.,2-1,W,L,,https://mlbbhub.com/mpl/my/schedule
36,Sep 11-13 2026,2026-09-13,MPL MY,Week 5,Bigetron MY by Vitality,AC Esports,2-0,Bigetron MY by Vitality 2-0,1.47,2.44,,,2.44,Planned/observed price.,2-0,W,W,,https://mlbbhub.com/mpl/my/schedule
37,Sep 11-13 2026,2026-09-13,MPL MY,Week 5,Team Flash,RRQ Tora,2-0,Team Flash 2-0,1.53,2.56,,,2.56,Planned/observed price.,0-2,L,L,,https://mlbbhub.com/mpl/my/schedule
38,Sep 11-13 2026,2026-09-11,MPL PH,Week 4,Omega Esports,Twisted Minds PH,2-0,Omega Esports 2-0,1.41,2.29,,,2.29,Planned/observed price.,2-1,W,L,Opponent corrected/verified as Twisted Minds PH.,https://ph-mpl.com/schedule
39,Sep 11-13 2026,2026-09-11,MPL PH,Week 4,Aurora Gaming PH,AP.Bren,2-0,Aurora Gaming PH 2-0,1.3,2.02,,,2.02,Planned/observed price.,2-0,W,W,,https://ph-mpl.com/schedule
40,Sep 11-13 2026,2026-09-12,MPL PH,Week 4,TNC Pro Team,Twisted Minds PH,2-0,TNC Pro Team 2-0,1.51,2.52,,,2.52,Planned/observed price.,2-0,W,W,,https://ph-mpl.com/schedule
41,Sep 11-13 2026,2026-09-12,MPL PH,Week 4,Team Falcons PH,AP.Bren,2-0,Team Falcons PH 2-0,1.19,1.73,,,1.73,Planned/observed price.,2-0,W,W,User later confirmed they bet Falcons 2-0 and won.,https://ph-mpl.com/schedule
42,Sep 11-13 2026,2026-09-12,MPL PH,Week 4,ONIC Philippines,Team Liquid PH,Over 2.5,Over 2.5,2.17,1.98,1.99,,1.99,Actual bet moved from 1.98 to 1.99.,0-2,L,L,Over lost because Team Liquid PH won 2-0.,https://ph-mpl.com/schedule
43,Sep 11-13 2026,2026-09-13,MPL PH,Week 4,Omega Esports,TNC Pro Team,2-0,Omega Esports 2-0,2.03,3.7,,,3.7,Planned/observed price.,2-1,W,L,User skipped the real bet but kept this pre-match pick in the research dataset.,https://ph-mpl.com/schedule
44,Sep 11-13 2026,2026-09-13,MPL PH,Week 4,Team Falcons PH,Aurora Gaming PH,Over 2.5,Over 2.5,1.39,2.1,,,2.1,Planned/observed price.,2-1,W,W,Over 2.5 would have won; user skipped after the previous Over loss.,https://ph-mpl.com/schedule
45,Sep 11-13 2026,2026-09-13,MSL Myanmar,Week 3,Falcon Esports,AI Esports,2-0,Falcon Esports 2-0,1.35,,2.15,,2.15,Match Winner odds ~1.35 was an estimate used for grouping; user reported actual 2-0 bet @2.15.,2-0,W,W,Result reported by user; MSL fixture independently found on web.,https://paripesa.com/si/esports/real/mobile-legends/live
46,Sep 11-13 2026,2026-09-13,MSL Myanmar,Week 3,Yangon Galacticos,Mythic SEAL,2-0,Yangon Galacticos 2-0,1.2,,1.76,,1.76,User-reported Winner @1.20 and 2-0 @1.76.,2-0,W,W,Opponent name corrected to Mythic SEAL.,https://www.esportnews.fr/mlbb/match/MSLMMS4WK3_0009
47,Sep 25-27 2026,2026-09-25,MPL PH,Week 6,AP.Bren,Twisted Minds PH,2-0,AP.Bren 2-0,1.45,,,2.4,2.4,Approximate 2-0 price (~2.40); treated as estimated.,2-0,W,W,,https://ph-mpl.com/schedule
48,Sep 25-27 2026,2026-09-25,MPL PH,Week 6,Omega Esports,ONIC Philippines,2-0,Omega Esports 2-0,3.34,,,6.35,6.35,Approximate 2-0 price (~6.35); treated as estimated.,0-2,L,L,Listed as Smart Omega vs ONIC PH.,https://ph-mpl.com/schedule
49,Sep 25-27 2026,2026-09-26,MPL PH,Week 6,TNC Pro Team,Twisted Minds PH,2-0,TNC Pro Team 2-0,1.35,2.11,,,2.11,Planned/observed price.,2-0,W,W,,https://ph-mpl.com/schedule
50,Sep 25-27 2026,2026-09-26,MPL PH,Week 6,Aurora Gaming PH,AP.Bren,2-0,Aurora Gaming PH 2-0,1.22,1.83,,,1.83,Planned/observed price.,2-0,W,W,,https://ph-mpl.com/schedule
51,Sep 25-27 2026,2026-09-26,MPL PH,Week 6,Team Falcons PH,ONIC Philippines,2-0,Team Falcons PH 2-0,1.81,3.19,,,3.19,Planned/observed price.,2-1,W,L,Listed as ONIC PH.,https://ph-mpl.com/schedule
52,Sep 25-27 2026,2026-09-27,MPL PH,Week 6,TNC Pro Team,Omega Esports,2-0,TNC Pro Team 2-0,1.98,,,3.6,3.6,Approximate 2-0 price (~3.60); treated as estimated.,0-2,L,L,Listed as Smart Omega.,https://ph-mpl.com/schedule
53,Sep 25-27 2026,2026-09-27,MPL PH,Week 6,Aurora Gaming PH,Team Falcons PH,2-0,Aurora Gaming PH 2-0,2.81,,,5.25,5.25,Approximate 2-0 price (~5.25); treated as estimated.,0-2,L,L,,https://ph-mpl.com/schedule
54,Sep 29 2026,2026-09-29,Asian Games,Group Stage,Myanmar,Uzbekistan,2-0,Myanmar 2-0,1.11,1.52,,,1.52,Observed on bet slip before the match.,,,,Pending result.,
55,Sep 29 2026,2026-09-29,Asian Games,Group Stage,Malaysia,Saudi Arabia,2-0,Malaysia 2-0,1.51,2.53,,,2.53,Observed on bet slip before the match.,,,,Pending result.,
56,Sep 29 2026,2026-09-29,Asian Games,Group Stage,Indonesia,Saudi Arabia,2-0,Indonesia 2-0,1.28,1.97,,,1.97,Observed on bet slip before the match.,,,,Pending result.,
57,Sep 29 2026,2026-09-29,Asian Games,Group Stage,Myanmar,Hong Kong,2-0,Myanmar 2-0,1.19,1.74,,,1.74,Observed on bet slip before the match.,,,,Pending result.,
58,Sep 29 2026,2026-09-29,Asian Games,Group Stage,Philippines,Jordan,2-0,Philippines 2-0,1.18,1.71,,,1.71,Observed on bet slip before the match.,,,,Pending result.,
59,Sep 29 2026,2026-09-29,Asian Games,Group Stage,Philippines,Kazakhstan,2-0,Philippines 2-0,1.08,1.42,,,1.42,Observed on bet slip before the match.,,,,Pending result.,
60,Sep 29 2026,2026-09-29,Asian Games,Group Stage,Cambodia,Mongolia,2-0,Cambodia 2-0,2.42,4.47,,,4.47,Observed on bet slip before the match.,,,,Pending result.,
61,Oct 2-4 2026,2026-10-02,MPL ID,Week 7,Geek Fam ID,Bigetron by Vitality,2-0,Geek Fam ID 2-0,3.73,7,,,7,Thunderpick snapshot on Sep 28 2026.,,,,Pending result.,https://id-mpl.com/en/schedule
62,Oct 2-4 2026,2026-10-02,MPL ID,Week 7,DEWA United,Team Liquid ID,2-0,DEWA United 2-0,3.73,7,,,7,Thunderpick snapshot on Sep 28 2026.,,,,Pending result.,https://id-mpl.com/en/schedule
63,Oct 2-4 2026,2026-10-03,MPL ID,Week 7,Natus Vincere,ALTER EGO,2-0,Natus Vincere 2-0,2.07,3.79,,,3.79,Thunderpick snapshot on Sep 28 2026.,,,,Pending result.,https://id-mpl.com/en/schedule
64,Oct 2-4 2026,2026-10-03,MPL ID,Week 7,RRQ Hoshi,Bigetron by Vitality,2-0,RRQ Hoshi 2-0,4.23,7.8,,,7.8,Thunderpick snapshot on Sep 28 2026.,,,,Pending result.,https://id-mpl.com/en/schedule
65,Oct 2-4 2026,2026-10-03,MPL ID,Week 7,Geek Fam ID,DEWA United,2-0,Geek Fam ID 2-0,2.8,5.3,,,5.3,Thunderpick snapshot on Sep 28 2026.,,,,Pending result.,https://id-mpl.com/en/schedule
66,Oct 2-4 2026,2026-10-04,MPL ID,Week 7,Team Liquid ID,ALTER EGO,2-0,Team Liquid ID 2-0,1.71,3.77,,,3.77,Thunderpick snapshot on Sep 28 2026.,,,,Pending result.,https://id-mpl.com/en/schedule
67,Oct 2-4 2026,2026-10-04,MPL ID,Week 7,EVOS Esports,RRQ Hoshi,2-0,EVOS Esports 2-0,1.3,2.01,,,2.01,Thunderpick snapshot on Sep 28 2026.,,,,Pending result.,https://id-mpl.com/en/schedule
68,Oct 2-4 2026,2026-10-04,MPL ID,Week 7,Natus Vincere,ONIC Esports,2-0,Natus Vincere 2-0,1.93,3.48,,,3.48,Thunderpick snapshot on Sep 28 2026.,,,,Pending result.,https://id-mpl.com/en/schedule
69,Oct 2-4 2026,2026-10-02,MPL PH,Week 7,ONIC Philippines,Twisted Minds PH,2-0,ONIC Philippines 2-0,1.15,1.68,,,1.68,Thunderpick snapshot on Sep 28 2026.,,,,Pending result. Match day not yet confirmed.,https://ph-mpl.com/schedule
70,Oct 2-4 2026,2026-10-02,MPL PH,Week 7,Aurora Gaming PH,TNC Pro Team,2-0,Aurora Gaming PH 2-0,1.7,2.97,,,2.97,Thunderpick snapshot on Sep 28 2026.,,,,Pending result. Match day not yet confirmed.,https://ph-mpl.com/schedule
